protein;position;affinity
rev;1;30006
rev;2;31293
rev;3;29041
rev;4;16287
rev;5;22393
rev;6;29229
rev;7;25899
rev;8;25134
rev;9;31787
rev;10;27890
rev;11;7419
rev;12;29616
rev;13;25031
rev;14;10700
rev;15;29406
rev;16;25681
rev;17;845
rev;18;31384
rev;19;24016
rev;20;9032
rev;21;6571
rev;22;27621
rev;23;15886
rev;24;28296
rev;25;28341
rev;26;26201
rev;27;31809
rev;28;33011
rev;29;29348
rev;30;31201
rev;31;31386
rev;32;32467
rev;33;31122
rev;34;30768
rev;35;25370
rev;36;31772
rev;37;31489
rev;38;29133
rev;39;30950
rev;40;29453
rev;41;31053
rev;42;30255
rev;43;31618
rev;44;26750
rev;45;31210
rev;46;29790
rev;47;29040
rev;48;25041
rev;49;28771
rev;50;15664
rev;51;9760
rev;52;28066
rev;53;25041
rev;54;2692
rev;55;27609
rev;56;28430
rev;57;25575
rev;58;23893
rev;59;12572
rev;60;25459
rev;61;29611
rev;62;27905
rev;63;20
rev;64;30512
rev;65;21888
rev;66;24104
rev;67;14724
rev;68;29218
rev;69;28231
rev;70;14383
rev;71;29198
rev;72;31071
rev;73;2156
rev;74;18795
rev;75;27969
rev;76;29366
rev;77;29765
rev;78;31385
rev;79;30436
rev;80;28023
rev;81;19271
rev;82;22728
rev;83;28045
rev;84;29668
rev;85;28619
rev;86;18134
rev;87;33329
rev;88;31167
rev;89;20418
rev;90;29038
rev;91;25886
rev;92;29623
rev;93;27071
rev;94;8697
rev;95;28046
rev;96;2152
rev;97;29410
rev;98;22909
rev;99;28895
rev;100;18156
rev;101;410
rev;102;67
rev;103;29054
rev;104;26237
rev;105;27917
rev;106;28692
rev;107;33302
rev;108;28844
vpu;1;1954
vpu;2;16130
vpu;3;22267
vpu;4;14911
vpu;5;2026
vpu;6;1000
vpu;7;8468
vpu;8;336
vpu;9;1341
vpu;10;7142
vpu;11;797
vpu;12;268
vpu;13;316
vpu;14;3283
vpu;15;19456
vpu;16;4425
vpu;17;54
vpu;18;4475
vpu;19;1849
vpu;20;1418
vpu;21;16901
vpu;22;20605
vpu;23;20724
vpu;24;23883
vpu;25;13024
vpu;26;5426
vpu;27;28787
vpu;28;28241
vpu;29;31325
vpu;30;31898
vpu;31;25074
vpu;32;31837
vpu;33;30864
vpu;34;28773
vpu;35;18194
vpu;36;30081
vpu;37;25493
vpu;38;1357
vpu;39;26655
vpu;40;30271
vpu;41;4879
vpu;42;4889
vpu;43;30499
vpu;44;31691
vpu;45;13501
vpu;46;29039
vpu;47;29472
vpu;48;30574
vpu;49;26100
vpu;50;28087
vpu;51;29921
vpu;52;30785
vpu;53;24817
vpu;54;30574
vpu;55;22516
vpu;56;28767
vpu;57;6539
vpu;58;32322
vpu;59;16249
vpu;60;28814
vpu;61;5943
vpu;62;31369
vpu;63;220
vpu;64;26602
vpu;65;26378
vpu;66;32888
vpu;67;15341
vpu;68;27426
vpu;69;23152
vpu;70;29867
vpu;71;13308
vpu;72;29704
vpu;73;28218
vpu;74;18272
vpr;1;27854
vpr;2;28558
vpr;3;27606
vpr;4;29802
vpr;5;32604
vpr;6;30983
vpr;7;29859
vpr;8;30949
vpr;9;30307
vpr;10;27939
vpr;11;27901
vpr;12;20000
vpr;13;31572
vpr;14;23424
vpr;15;26752
vpr;16;26686
vpr;17;30076
vpr;18;54
vpr;19;30168
vpr;20;30028
vpr;21;28638
vpr;22;3016
vpr;23;25915
vpr;24;29592
vpr;25;33358
vpr;26;24793
vpr;27;26840
vpr;28;25030
vpr;29;21109
vpr;30;27706
vpr;31;28055
vpr;32;25227
vpr;33;26615
vpr;34;16835
vpr;35;28005
vpr;36;20226
vpr;37;24678
vpr;38;1303
vpr;39;27865
vpr;40;28475
vpr;41;318
vpr;42;28692
vpr;43;20449
vpr;44;24004
vpr;45;19451
vpr;46;28073
vpr;47;17515
vpr;48;23151
vpr;49;13101
vpr;50;26240
vpr;51;24761
vpr;52;11348
vpr;53;19573
vpr;54;27153
vpr;55;12955
vpr;56;13984
vpr;57;28627
vpr;58;30121
vpr;59;644
vpr;60;12856
vpr;61;22387
vpr;62;160
vpr;63;17390
vpr;64;12232
vpr;65;10088
vpr;66;17246
vpr;67;16178
vpr;68;3781
vpr;69;9360
vpr;70;22050
tat;1;28970
tat;2;29893
tat;3;27945
tat;4;30015
tat;5;32050
tat;6;30087
tat;7;17749
tat;8;26036
tat;9;31189
tat;10;30672
tat;11;27757
tat;12;27615
tat;13;28514
tat;14;32115
tat;15;23980
tat;16;28762
tat;17;30313
tat;18;29740
tat;19;14599
tat;20;25669
tat;21;29143
tat;22;25201
tat;23;29172
tat;24;25455
tat;25;28321
tat;26;19110
tat;27;28367
tat;28;14760
tat;29;26487
tat;30;20419
tat;31;15309
tat;32;19898
tat;33;26468
tat;34;3159
tat;35;12579
tat;36;26792
tat;37;16503
tat;38;18917
tat;39;25675
tat;40;23773
tat;41;19248
tat;42;28183
tat;43;29364
tat;44;30903
tat;45;29887
tat;46;32781
tat;47;30587
tat;48;32082
tat;49;30542
tat;50;30971
tat;51;31600
tat;52;31526
tat;53;27141
tat;54;30671
tat;55;30276
tat;56;24707
tat;57;32053
tat;58;31141
tat;59;6628
tat;60;29872
tat;61;20330
tat;62;21590
tat;63;28172
tat;64;30809
tat;65;23981
tat;66;25708
tat;67;23276
tat;68;14910
tat;69;29266
tat;70;30311
tat;71;21170
tat;72;29479
tat;73;32996
tat;74;25693
tat;75;23594
tat;76;29746
tat;77;30763
tat;78;30549
pol;1;4298
pol;2;24905
pol;3;24156
pol;4;29911
pol;5;22222
pol;6;29349
pol;7;30762
pol;8;10976
pol;9;23919
pol;10;27934
pol;11;30131
pol;12;26904
pol;13;28538
pol;14;29612
pol;15;29827
pol;16;23997
pol;17;30450
pol;18;28912
pol;19;21641
pol;20;28913
pol;21;30429
pol;22;29836
pol;23;28960
pol;24;29720
pol;25;28258
pol;26;32988
pol;27;28668
pol;28;25949
pol;29;28757
pol;30;32318
pol;31;24684
pol;32;24534
pol;33;26200
pol;34;25392
pol;35;28054
pol;36;24034
pol;37;29702
pol;38;25600
pol;39;28435
pol;40;29326
pol;41;31407
pol;42;29776
pol;43;30070
pol;44;21019
pol;45;27911
pol;46;28962
pol;47;30819
pol;48;10885
pol;49;27950
pol;50;12252
pol;51;918
pol;52;20722
pol;53;21178
pol;54;22297
pol;55;28614
pol;56;23758
pol;57;27527
pol;58;11385
pol;59;842
pol;60;1545
pol;61;21713
pol;62;24704
pol;63;23842
pol;64;27431
pol;65;28289
pol;66;28578
pol;67;13451
pol;68;32318
pol;69;27976
pol;70;9373
pol;71;26693
pol;72;25946
pol;73;24727
pol;74;11994
pol;75;28340
pol;76;22225
pol;77;31438
pol;78;22273
pol;79;10830
pol;80;25543
pol;81;25553
pol;82;28156
pol;83;26526
pol;84;20469
pol;85;31267
pol;86;24877
pol;87;21324
pol;88;10670
pol;89;27338
pol;90;29662
pol;91;32283
pol;92;22909
pol;93;23208
pol;94;25917
pol;95;31585
pol;96;27941
pol;97;26030
pol;98;21752
pol;99;28966
pol;100;27634
pol;101;4184
pol;102;3332
pol;103;27400
pol;104;9298
pol;105;28621
pol;106;29267
pol;107;29214
pol;108;28940
pol;109;25047
pol;110;23715
pol;111;17168
pol;112;20349
pol;113;19465
pol;114;14191
pol;115;25947
pol;116;24191
pol;117;29430
pol;118;11669
pol;119;16838
pol;120;20899
pol;121;30486
pol;122;22409
pol;123;25571
pol;124;28938
pol;125;14737
pol;126;21801
pol;127;19918
pol;128;24690
pol;129;26387
pol;130;242
pol;131;25253
pol;132;3829
pol;133;25379
pol;134;25919
pol;135;29334
pol;136;29677
pol;137;25899
pol;138;25543
pol;139;12388
pol;140;23893
pol;141;25352
pol;142;28928
pol;143;25494
pol;144;7874
pol;145;524
pol;146;27175
pol;147;11136
pol;148;25194
pol;149;10660
pol;150;26300
pol;151;20313
pol;152;224
pol;153;28249
pol;154;25285
pol;155;5420
pol;156;30127
pol;157;7292
pol;158;27589
pol;159;22921
pol;160;29618
pol;161;30094
pol;162;27978
pol;163;25105
pol;164;33406
pol;165;28688
pol;166;21949
pol;167;30070
pol;168;21453
pol;169;30537
pol;170;24758
pol;171;27946
pol;172;31285
pol;173;26193
pol;174;27632
pol;175;28648
pol;176;28707
pol;177;13299
pol;178;27897
pol;179;29341
pol;180;18740
pol;181;15699
pol;182;27385
pol;183;32055
pol;184;23139
pol;185;22222
pol;186;21853
pol;187;28258
pol;188;70
pol;189;30164
pol;190;26799
pol;191;32742
pol;192;27794
pol;193;31164
pol;194;25342
pol;195;32896
pol;196;28943
pol;197;31283
pol;198;27592
pol;199;31245
pol;200;27365
pol;201;24821
pol;202;27681
pol;203;28056
pol;204;24347
pol;205;20449
pol;206;29312
pol;207;21309
pol;208;26058
pol;209;21491
pol;210;24073
pol;211;26273
pol;212;27649
pol;213;30387
pol;214;32460
pol;215;30888
pol;216;19431
pol;217;30043
pol;218;27992
pol;219;29768
pol;220;28751
pol;221;26344
pol;222;26955
pol;223;30957
pol;224;25261
pol;225;27844
pol;226;28397
pol;227;19388
pol;228;18294
pol;229;26603
pol;230;30164
pol;231;32076
pol;232;31348
pol;233;29485
pol;234;28855
pol;235;29583
pol;236;28642
pol;237;9813
pol;238;23344
pol;239;2769
pol;240;27611
pol;241;16867
pol;242;25815
pol;243;28057
pol;244;27480
pol;245;210
pol;246;26384
pol;247;15313
pol;248;30726
pol;249;29706
pol;250;31784
pol;251;31852
pol;252;32606
pol;253;24975
pol;254;26293
pol;255;25822
pol;256;28249
pol;257;28047
pol;258;21657
pol;259;22279
pol;260;30690
pol;261;19100
pol;262;22299
pol;263;8879
pol;264;23244
pol;265;5153
pol;266;25047
pol;267;14200
pol;268;30746
pol;269;27755
pol;270;27684
pol;271;23243
pol;272;29040
pol;273;27367
pol;274;26569
pol;275;28564
pol;276;27312
pol;277;28834
pol;278;29243
pol;279;19130
pol;280;25969
pol;281;18103
pol;282;28
pol;283;27220
pol;284;29432
pol;285;19221
pol;286;15045
pol;287;26710
pol;288;25785
pol;289;1198
pol;290;28702
pol;291;29929
pol;292;28839
pol;293;29938
pol;294;29868
pol;295;17543
pol;296;18396
pol;297;24554
pol;298;24974
pol;299;2094
pol;300;28917
pol;301;28460
pol;302;22294
pol;303;20628
pol;304;28219
pol;305;20755
pol;306;13760
pol;307;27803
pol;308;28218
pol;309;23198
pol;310;25320
pol;311;24044
pol;312;25590
pol;313;20119
pol;314;20097
pol;315;2147
pol;316;28207
pol;317;19549
pol;318;5247
pol;319;26590
pol;320;28425
pol;321;21486
pol;322;31519
pol;323;30470
pol;324;29710
pol;325;31079
pol;326;25599
pol;327;24297
pol;328;17459
pol;329;27237
pol;330;23529
pol;331;27567
pol;332;30413
pol;333;25485
pol;334;1370
pol;335;25586
pol;336;10
pol;337;17756
pol;338;120
pol;339;26569
pol;340;27577
pol;341;32144
pol;342;17862
pol;343;19698
pol;344;27952
pol;345;28692
pol;346;30262
pol;347;29185
pol;348;29846
pol;349;28502
pol;350;30007
pol;351;27366
pol;352;29611
pol;353;28711
pol;354;31157
pol;355;28798
pol;356;10072
pol;357;25916
pol;358;29255
pol;359;31379
pol;360;27204
pol;361;4821
pol;362;24186
pol;363;2309
pol;364;17965
pol;365;26344
pol;366;27942
pol;367;29473
pol;368;32277
pol;369;31378
pol;370;29271
pol;371;30932
pol;372;30576
pol;373;30991
pol;374;25936
pol;375;24196
pol;376;21843
pol;377;27708
pol;378;21227
pol;379;28383
pol;380;28478
pol;381;17099
pol;382;7686
pol;383;21455
pol;384;19158
pol;385;27246
pol;386;29145
pol;387;24583
pol;388;1196
pol;389;30082
pol;390;23991
pol;391;30393
pol;392;20428
pol;393;19276
pol;394;21356
pol;395;23538
pol;396;19493
pol;397;29849
pol;398;32745
pol;399;26797
pol;400;6331
pol;401;20163
pol;402;31299
pol;403;27854
pol;404;23151
pol;405;27299
pol;406;28682
pol;407;6067
pol;408;3396
pol;409;28768
pol;410;26872
pol;411;24961
pol;412;27287
pol;413;26760
pol;414;124
pol;415;16701
pol;416;30423
pol;417;16553
pol;418;19993
pol;419;23681
pol;420;17376
pol;421;6259
pol;422;27989
pol;423;1594
pol;424;26027
pol;425;30412
pol;426;23392
pol;427;30652
pol;428;29769
pol;429;23743
pol;430;19196
pol;431;27889
pol;432;12720
pol;433;14489
pol;434;32702
pol;435;26853
pol;436;227
pol;437;17957
pol;438;29810
pol;439;15406
pol;440;18748
pol;441;28725
pol;442;356
pol;443;58
pol;444;29884
pol;445;29818
pol;446;14156
pol;447;31898
pol;448;22435
pol;449;32422
pol;450;9587
pol;451;26903
pol;452;30674
pol;453;32471
pol;454;27111
pol;455;34341
pol;456;21780
pol;457;13258
pol;458;28896
pol;459;30345
pol;460;30441
pol;461;27949
pol;462;27922
pol;463;27710
pol;464;72
pol;465;30332
pol;466;26281
pol;467;26427
pol;468;28679
pol;469;25405
pol;470;25254
pol;471;28386
pol;472;24697
pol;473;16893
pol;474;22851
pol;475;28858
pol;476;25446
pol;477;30774
pol;478;28736
pol;479;28537
pol;480;22760
pol;481;31685
pol;482;28394
pol;483;33046
pol;484;25493
pol;485;29863
pol;486;19498
pol;487;30213
pol;488;711
pol;489;29983
pol;490;6139
pol;491;25377
pol;492;22461
pol;493;25240
pol;494;11308
pol;495;26924
pol;496;24414
pol;497;23455
pol;498;27227
pol;499;29969
pol;500;32153
pol;501;28151
pol;502;25615
pol;503;26207
pol;504;27574
pol;505;27292
pol;506;29794
pol;507;22905
pol;508;30636
pol;509;24906
pol;510;26983
pol;511;31708
pol;512;18388
pol;513;29016
pol;514;28476
pol;515;28376
pol;516;22508
pol;517;29734
pol;518;22679
pol;519;24404
pol;520;31870
pol;521;21888
pol;522;641
pol;523;25217
pol;524;28151
pol;525;32823
pol;526;19073
pol;527;17376
pol;528;24347
pol;529;4645
pol;530;21437
pol;531;24010
pol;532;25266
pol;533;26504
pol;534;29585
pol;535;22379
pol;536;11161
pol;537;28894
pol;538;28648
pol;539;29444
pol;540;5184
pol;541;30336
pol;542;30514
pol;543;32175
pol;544;22574
pol;545;28712
pol;546;29406
pol;547;21165
pol;548;23917
pol;549;26023
pol;550;18977
pol;551;24137
pol;552;24238
pol;553;20735
pol;554;25258
pol;555;9738
pol;556;16532
pol;557;23752
pol;558;21263
pol;559;27055
pol;560;21624
pol;561;6560
pol;562;28463
pol;563;15903
pol;564;10227
pol;565;17617
pol;566;24718
pol;567;26723
pol;568;26573
pol;569;8440
pol;570;22098
pol;571;24707
pol;572;26192
pol;573;27964
pol;574;28210
pol;575;27699
pol;576;3063
pol;577;30446
pol;578;24174
pol;579;13936
pol;580;28547
pol;581;23717
pol;582;13
pol;583;28595
pol;584;24880
pol;585;31717
pol;586;24945
pol;587;28407
pol;588;30164
pol;589;17
pol;590;27507
pol;591;26903
pol;592;19538
pol;593;20812
pol;594;30034
pol;595;23892
pol;596;26039
pol;597;26516
pol;598;31798
pol;599;20230
pol;600;29219
pol;601;30941
pol;602;29011
pol;603;29132
pol;604;31906
pol;605;20003
pol;606;5802
pol;607;29649
pol;608;26896
pol;609;25581
pol;610;29746
pol;611;31917
pol;612;28211
pol;613;19317
pol;614;32270
pol;615;28081
pol;616;26649
pol;617;24630
pol;618;26248
pol;619;27746
pol;620;13171
pol;621;31947
pol;622;23167
pol;623;22284
pol;624;23204
pol;625;31265
pol;626;27611
pol;627;29597
pol;628;29134
pol;629;16680
pol;630;28623
pol;631;9737
pol;632;12918
pol;633;1089
pol;634;10935
pol;635;27760
pol;636;20136
pol;637;24552
pol;638;93
pol;639;29187
pol;640;28
pol;641;21072
pol;642;26095
pol;643;26118
pol;644;17470
pol;645;30040
pol;646;26708
pol;647;31035
pol;648;28824
pol;649;6649
pol;650;430
pol;651;23307
pol;652;24017
pol;653;25694
pol;654;19769
pol;655;17837
pol;656;14825
pol;657;17200
pol;658;29784
pol;659;24622
pol;660;21770
pol;661;27886
pol;662;25627
pol;663;25668
pol;664;26742
pol;665;28903
pol;666;27455
pol;667;28870
pol;668;17516
pol;669;27792
pol;670;28983
pol;671;21080
pol;672;3137
pol;673;27032
pol;674;23215
pol;675;20382
pol;676;32279
pol;677;29181
pol;678;20148
pol;679;28557
pol;680;12832
pol;681;19089
pol;682;26430
pol;683;18189
pol;684;26896
pol;685;694
pol;686;23583
pol;687;1614
pol;688;25862
pol;689;24101
pol;690;26857
pol;691;25858
pol;692;30861
pol;693;31609
pol;694;30908
pol;695;11965
pol;696;32349
pol;697;29552
pol;698;23564
pol;699;28943
pol;700;27740
pol;701;11471
pol;702;24137
pol;703;26359
pol;704;30258
pol;705;19786
pol;706;2398
pol;707;25559
pol;708;27154
pol;709;12132
pol;710;26367
pol;711;27799
pol;712;14534
pol;713;28922
pol;714;21054
pol;715;11466
pol;716;11453
pol;717;30769
pol;718;31350
pol;719;27462
pol;720;30378
pol;721;30397
pol;722;27853
pol;723;23742
pol;724;29001
pol;725;30334
pol;726;29460
pol;727;27398
pol;728;24406
pol;729;21567
pol;730;19513
pol;731;23399
pol;732;28005
pol;733;27359
pol;734;26649
pol;735;672
pol;736;13248
pol;737;14331
pol;738;647
pol;739;12683
pol;740;28627
pol;741;24425
pol;742;25132
pol;743;25689
pol;744;30457
pol;745;22562
pol;746;18856
pol;747;21495
pol;748;30218
pol;749;27636
pol;750;29051
pol;751;26305
pol;752;16851
pol;753;28418
pol;754;27173
pol;755;29709
pol;756;30529
pol;757;24823
pol;758;24673
pol;759;28118
pol;760;27278
pol;761;26267
pol;762;30503
pol;763;26213
pol;764;14874
pol;765;27333
pol;766;26407
pol;767;324
pol;768;26234
pol;769;30588
pol;770;22626
pol;771;28198
pol;772;28545
pol;773;26864
pol;774;27666
pol;775;20930
pol;776;10916
pol;777;20031
pol;778;27705
pol;779;29582
pol;780;26451
pol;781;23959
pol;782;210
pol;783;20470
pol;784;26038
pol;785;29554
pol;786;276
pol;787;2099
pol;788;6236
pol;789;18426
pol;790;25403
pol;791;9371
pol;792;28530
pol;793;2934
pol;794;27330
pol;795;6421
pol;796;26039
pol;797;25874
pol;798;365
pol;799;24929
pol;800;29123
pol;801;29407
pol;802;30066
pol;803;31435
pol;804;26068
pol;805;29647
pol;806;29868
pol;807;28842
pol;808;14348
pol;809;4198
pol;810;26085
pol;811;8944
pol;812;11915
pol;813;25367
pol;814;20794
pol;815;17089
pol;816;29732
pol;817;4498
pol;818;17386
pol;819;21209
pol;820;28689
pol;821;28556
pol;822;21447
pol;823;28147
pol;824;31252
pol;825;27650
pol;826;22045
pol;827;29443
pol;828;24925
pol;829;15369
pol;830;26443
pol;831;27314
pol;832;24396
pol;833;15639
pol;834;28642
pol;835;24305
pol;836;5361
pol;837;28964
pol;838;28898
pol;839;25453
pol;840;11760
pol;841;20353
pol;842;1088
pol;843;25920
pol;844;24948
pol;845;25818
pol;846;25094
pol;847;25806
pol;848;16079
pol;849;30628
pol;850;23904
pol;851;17016
pol;852;25618
pol;853;32396
pol;854;17643
pol;855;27604
pol;856;27542
pol;857;27559
pol;858;24770
pol;859;29070
pol;860;23409
pol;861;21820
pol;862;26929
pol;863;29012
pol;864;26987
pol;865;18464
pol;866;29677
pol;867;28734
pol;868;3416
pol;869;28608
pol;870;28331
pol;871;25888
pol;872;11444
pol;873;31453
pol;874;28214
pol;875;24746
pol;876;19513
pol;877;30745
pol;878;24605
pol;879;21694
pol;880;29156
pol;881;27604
pol;882;18818
pol;883;21485
pol;884;30088
pol;885;28333
pol;886;8865
pol;887;14788
pol;888;19912
pol;889;8867
pol;890;24633
pol;891;11119
pol;892;6964
pol;893;23706
pol;894;20530
pol;895;28790
pol;896;24803
pol;897;27545
pol;898;27978
pol;899;30416
pol;900;27637
pol;901;28915
pol;902;27780
pol;903;21119
pol;904;26177
pol;905;27953
pol;906;26880
pol;907;24848
pol;908;22448
pol;909;27899
pol;910;10476
pol;911;25917
pol;912;26437
pol;913;25494
pol;914;19623
pol;915;10079
pol;916;29636
pol;917;25263
pol;918;23821
pol;919;28216
pol;920;14484
pol;921;31567
pol;922;31054
pol;923;26904
pol;924;25557
pol;925;31232
pol;926;28324
pol;927;9516
pol;928;28332
pol;929;30589
pol;930;12164
pol;931;27163
pol;932;10864
pol;933;28184
pol;934;19906
pol;935;12720
pol;936;27421
pol;937;29159
pol;938;25828
pol;939;29111
pol;940;28458
pol;941;21018
pol;942;22815
pol;943;27958
pol;944;29443
pol;945;28784
pol;946;23621
pol;947;26480
pol;948;1362
pol;949;29067
pol;950;26995
pol;951;26908
pol;952;24784
pol;953;33624
pol;954;25358
pol;955;406
pol;956;67
pol;957;26218
pol;958;17447
pol;959;29997
pol;960;27409
pol;961;31635
pol;962;25430
pol;963;29913
pol;964;12598
pol;965;25133
pol;966;1606
pol;967;25133
pol;968;29622
pol;969;23554
pol;970;27983
pol;971;33289
pol;972;29015
pol;973;30630
pol;974;21874
pol;975;30451
pol;976;30886
pol;977;29297
pol;978;27319
pol;979;28330
pol;980;26769
pol;981;27147
pol;982;21154
pol;983;23272
pol;984;26849
pol;985;30780
pol;986;30887
pol;987;30217
pol;988;119
pol;989;6848
pol;990;18496
pol;991;25598
pol;992;28410
pol;993;31013
pol;994;33418
pol;995;28620
vif;1;15615
vif;2;29547
vif;3;23154
vif;4;25250
vif;5;17
vif;6;27278
vif;7;18441
vif;8;3114
vif;9;25393
vif;10;26487
vif;11;19660
vif;12;23684
vif;13;30968
vif;14;29007
vif;15;20157
vif;16;23711
vif;17;7691
vif;18;26692
vif;19;24690
vif;20;30255
vif;21;23530
vif;22;24522
vif;23;15
vif;24;20594
vif;25;27289
vif;26;27094
vif;27;21073
vif;28;29067
vif;29;26915
vif;30;23401
vif;31;27460
vif;32;29394
vif;33;23882
vif;34;27854
vif;35;28275
vif;36;24088
vif;37;24839
vif;38;20923
vif;39;27419
vif;40;26133
vif;41;25612
vif;42;26935
vif;43;28956
vif;44;24573
vif;45;28657
vif;46;30733
vif;47;28264
vif;48;30975
vif;49;27305
vif;50;23969
vif;51;4641
vif;52;25677
vif;53;28338
vif;54;28618
vif;55;28714
vif;56;12297
vif;57;18428
vif;58;14602
vif;59;20465
vif;60;24832
vif;61;32873
vif;62;25142
vif;63;8825
vif;64;87
vif;65;29274
vif;66;13786
vif;67;13616
vif;68;29031
vif;69;23065
vif;70;30180
vif;71;27698
vif;72;31421
vif;73;5452
vif;74;28169
vif;75;28900
vif;76;27686
vif;77;14196
vif;78;29899
vif;79;19725
vif;80;28563
vif;81;25729
vif;82;24898
vif;83;27819
vif;84;29417
vif;85;26378
vif;86;31767
vif;87;26742
vif;88;29871
vif;89;30997
vif;90;24918
vif;91;30854
vif;92;27786
vif;93;27144
vif;94;5247
vif;95;15584
vif;96;26631
vif;97;28023
vif;98;25989
vif;99;30607
vif;100;28784
vif;101;142
vif;102;23001
vif;103;26737
vif;104;13432
vif;105;15700
vif;106;13671
vif;107;19449
vif;108;3946
vif;109;24273
vif;110;16204
vif;111;5840
vif;112;21547
vif;113;29128
vif;114;28982
vif;115;12629
vif;116;28641
vif;117;28777
vif;118;25550
vif;119;29221
vif;120;26514
vif;121;17072
vif;122;20193
vif;123;3281
vif;124;16762
vif;125;28651
vif;126;29860
vif;127;28980
vif;128;24794
vif;129;19375
vif;130;30698
vif;131;29115
vif;132;29949
vif;133;29314
vif;134;28648
vif;135;18204
vif;136;25780
vif;137;25965
vif;138;29201
vif;139;29549
vif;140;20242
vif;141;1031
vif;142;19635
vif;143;4702
vif;144;353
vif;145;258
vif;146;12641
vif;147;923
vif;148;17412
vif;149;5826
vif;150;26652
vif;151;20140
vif;152;28705
vif;153;28288
vif;154;26286
vif;155;28085
vif;156;31148
vif;157;24525
vif;158;1260
vif;159;26907
vif;160;28780
vif;161;29151
vif;162;24618
vif;163;30881
vif;164;28533
vif;165;29970
vif;166;30722
vif;167;29456
vif;168;14775
vif;169;27769
vif;170;27872
vif;171;32194
vif;172;30604
vif;173;29227
vif;174;30677
vif;175;30118
vif;176;30039
vif;177;28997
vif;178;27656
vif;179;31117
vif;180;28998
vif;181;23306
vif;182;31167
vif;183;26488
vif;184;28143
gag;1;23175
gag;2;27418
gag;3;24205
gag;4;30015
gag;5;21720
gag;6;29341
gag;7;26222
gag;8;27769
gag;9;30295
gag;10;29025
gag;11;20508
gag;12;31120
gag;13;31267
gag;14;28780
gag;15;27439
gag;16;27166
gag;17;29039
gag;18;31943
gag;19;30449
gag;20;31658
gag;21;31658
gag;22;30246
gag;23;30061
gag;24;30727
gag;25;29913
gag;26;26372
gag;27;15871
gag;28;28079
gag;29;6005
gag;30;4023
gag;31;27507
gag;32;27121
gag;33;6220
gag;34;27019
gag;35;26972
gag;36;24909
gag;37;24644
gag;38;27004
gag;39;26656
gag;40;30737
gag;41;27684
gag;42;22883
gag;43;21478
gag;44;27160
gag;45;7275
gag;46;28248
gag;47;29660
gag;48;29589
gag;49;3420
gag;50;30825
gag;51;32478
gag;52;23104
gag;53;28372
gag;54;26714
gag;55;31131
gag;56;27204
gag;57;31361
gag;58;18261
gag;59;15921
gag;60;64
gag;61;30356
gag;62;15757
gag;63;21086
gag;64;19332
gag;65;29461
gag;66;30904
gag;67;99
gag;68;26474
gag;69;28165
gag;70;23989
gag;71;27528
gag;72;30040
gag;73;24971
gag;74;7923
gag;75;22012
gag;76;11485
gag;77;94
gag;78;26107
gag;79;23606
gag;80;254
gag;81;29834
gag;82;25539
gag;83;18814
gag;84;303
gag;85;29675
gag;86;10009
gag;87;29143
gag;88;29902
gag;89;28116
gag;90;28480
gag;91;32144
gag;92;21521
gag;93;26682
gag;94;28100
gag;95;29736
gag;96;27577
gag;97;31219
gag;98;28311
gag;99;29751
gag;100;15007
gag;101;32273
gag;102;31487
gag;103;25213
gag;104;29662
gag;105;32844
gag;106;32118
gag;107;27288
gag;108;32604
gag;109;30640
gag;110;27213
gag;111;30066
gag;112;26010
gag;113;29247
gag;114;25188
gag;115;22510
gag;116;24427
gag;117;25277
gag;118;28381
gag;119;26768
gag;120;21670
gag;121;30596
gag;122;29975
gag;123;29057
gag;124;27405
gag;125;28856
gag;126;575
gag;127;6610
gag;128;26691
gag;129;23481
gag;130;22888
gag;131;29445
gag;132;22925
gag;133;32072
gag;134;16796
gag;135;9516
gag;136;27964
gag;137;24761
gag;138;5856
gag;139;26254
gag;140;15833
gag;141;22587
gag;142;23012
gag;143;25619
gag;144;14243
gag;145;28926
gag;146;3689
gag;147;25085
gag;148;26289
gag;149;29549
gag;150;741
gag;151;150
gag;152;28303
gag;153;25016
gag;154;25354
gag;155;22953
gag;156;29534
gag;157;18841
gag;158;23542
gag;159;29411
gag;160;25175
gag;161;27937
gag;162;25780
gag;163;17033
gag;164;9872
gag;165;27936
gag;166;26055
gag;167;10277
gag;168;15634
gag;169;24571
gag;170;17219
gag;171;13020
gag;172;22354
gag;173;28699
gag;174;5803
gag;175;29440
gag;176;28689
gag;177;30956
gag;178;23470
gag;179;16123
gag;180;23008
gag;181;24967
gag;182;25079
gag;183;3669
gag;184;28075
gag;185;17659
gag;186;27221
gag;187;20915
gag;188;26647
gag;189;18822
gag;190;14394
gag;191;30651
gag;192;27126
gag;193;27017
gag;194;20924
gag;195;28821
gag;196;15156
gag;197;1147
gag;198;20304
gag;199;23816
gag;200;17760
gag;201;25794
gag;202;26036
gag;203;30985
gag;204;24844
gag;205;28939
gag;206;27908
gag;207;26738
gag;208;29631
gag;209;27764
gag;210;410
gag;211;28916
gag;212;27489
gag;213;28519
gag;214;25496
gag;215;25264
gag;216;23992
gag;217;27999
gag;218;26218
gag;219;27269
gag;220;28607
gag;221;28865
gag;222;29892
gag;223;27157
gag;224;29664
gag;225;31204
gag;226;19624
gag;227;32633
gag;228;29467
gag;229;24489
gag;230;30701
gag;231;27914
gag;232;25491
gag;233;26760
gag;234;22124
gag;235;18258
gag;236;28083
gag;237;29569
gag;238;27948
gag;239;14967
gag;240;29397
gag;241;24664
gag;242;1101
gag;243;16384
gag;244;28506
gag;245;21683
gag;246;25964
gag;247;24022
gag;248;6271
gag;249;19787
gag;250;359
gag;251;27900
gag;252;28654
gag;253;26377
gag;254;29470
gag;255;30077
gag;256;26727
gag;257;30216
gag;258;28543
gag;259;17938
gag;260;8474
gag;261;24598
gag;262;13487
gag;263;25485
gag;264;25596
gag;265;959
gag;266;1635
gag;267;27636
gag;268;19819
gag;269;23052
gag;270;28506
gag;271;22752
gag;272;9555
gag;273;23699
gag;274;15285
gag;275;119
gag;276;27470
gag;277;10300
gag;278;28881
gag;279;30548
gag;280;25171
gag;281;23792
gag;282;22479
gag;283;30185
gag;284;33224
gag;285;27456
gag;286;24460
gag;287;30137
gag;288;29847
gag;289;29991
gag;290;27816
gag;291;28907
gag;292;30224
gag;293;24261
gag;294;26583
gag;295;27076
gag;296;1444
gag;297;30099
gag;298;25768
gag;299;29672
gag;300;30050
gag;301;24535
gag;302;25086
gag;303;26881
gag;304;29677
gag;305;16184
gag;306;29645
gag;307;28280
gag;308;29036
gag;309;20389
gag;310;17748
gag;311;28032
gag;312;24512
gag;313;19953
gag;314;13277
gag;315;5249
gag;316;5832
gag;317;25211
gag;318;26851
gag;319;29462
gag;320;18301
gag;321;27318
gag;322;24063
gag;323;24468
gag;324;28903
gag;325;22419
gag;326;25823
gag;327;24525
gag;328;29991
gag;329;29821
gag;330;28857
gag;331;22490
gag;332;2690
gag;333;3730
gag;334;23644
gag;335;4848
gag;336;25278
gag;337;28611
gag;338;22235
gag;339;27099
gag;340;24843
gag;341;728
gag;342;11419
gag;343;31155
gag;344;29305
gag;345;187
gag;346;17557
gag;347;19395
gag;348;28451
gag;349;27738
gag;350;25218
gag;351;30542
gag;352;21410
gag;353;30120
gag;354;25992
gag;355;27053
gag;356;28835
gag;357;29646
gag;358;20731
gag;359;25308
gag;360;27636
gag;361;21139
gag;362;10
gag;363;25891
gag;364;28898
gag;365;24912
gag;366;268
gag;367;21789
gag;368;2402
gag;369;21752
gag;370;9000
gag;371;29130
gag;372;23763
gag;373;30671
gag;374;27106
gag;375;24761
gag;376;19127
gag;377;15255
gag;378;26051
gag;379;28772
gag;380;29954
gag;381;26615
gag;382;30475
gag;383;29080
gag;384;28911
gag;385;24195
gag;386;29794
gag;387;23644
gag;388;19424
gag;389;25489
gag;390;30254
gag;391;26024
gag;392;28475
gag;393;27585
gag;394;26332
gag;395;29201
gag;396;30351
gag;397;28666
gag;398;31705
gag;399;27148
gag;400;26679
gag;401;29002
gag;402;28708
gag;403;30063
gag;404;31692
gag;405;31471
gag;406;29669
gag;407;30677
gag;408;31461
gag;409;28830
gag;410;26244
gag;411;30002
gag;412;26531
gag;413;28527
gag;414;31355
gag;415;25150
gag;416;30785
gag;417;30542
gag;418;29418
gag;419;31524
gag;420;30291
gag;421;18757
gag;422;23155
gag;423;23674
gag;424;30850
gag;425;29114
gag;426;22869
gag;427;27726
gag;428;28967
gag;429;2911
gag;430;29222
gag;431;27251
gag;432;13863
gag;433;5026
gag;434;29179
gag;435;24335
gag;436;23717
gag;437;27250
gag;438;23330
gag;439;28927
gag;440;30372
gag;441;24562
gag;442;28154
gag;443;27725
gag;444;27715
gag;445;30157
gag;446;29182
gag;447;28256
gag;448;229
gag;449;13651
gag;450;30221
gag;451;27806
gag;452;28842
gag;453;31211
gag;454;30172
gag;455;29327
gag;456;29951
gag;457;25685
gag;458;29840
gag;459;31296
gag;460;31604
gag;461;26130
gag;462;28624
gag;463;24307
gag;464;27735
gag;465;26826
gag;466;26664
gag;467;30698
gag;468;33302
gag;469;31972
gag;470;30715
gag;471;26222
gag;472;30857
gag;473;30432
gag;474;30471
gag;475;14159
gag;476;29491
gag;477;27782
gag;478;3536
gag;479;24941
gag;480;29869
gag;481;13145
gag;482;23969
gag;483;28036
gag;484;12710
gag;485;29496
gag;486;21334
gag;487;22630
gag;488;30549
gag;489;28080
gag;490;18406
gag;491;3392
gag;492;29954
env;1;28042
env;2;14964
env;3;27133
env;4;27526
env;5;28498
env;6;25648
env;7;13598
env;8;26589
env;9;10748
env;10;25679
env;11;12835
env;12;18656
env;13;10875
env;14;17831
env;15;20421
env;16;15569
env;17;18841
env;18;5922
env;19;135
env;20;714
env;21;7684
env;22;10601
env;23;1321
env;24;4309
env;25;15063
env;26;1535
env;27;27706
env;28;16991
env;29;11388
env;30;4864
env;31;29248
env;32;25119
env;33;413
env;34;3635
env;35;26639
env;36;200
env;37;22261
env;38;25906
env;39;27552
env;40;16638
env;41;22488
env;42;25942
env;43;25366
env;44;23125
env;45;25480
env;46;24378
env;47;20784
env;48;21574
env;49;28746
env;50;12670
env;51;17409
env;52;24270
env;53;25084
env;54;28285
env;55;18034
env;56;31417
env;57;24482
env;58;27858
env;59;25942
env;60;8506
env;61;24996
env;62;26315
env;63;17197
env;64;31618
env;65;22879
env;66;26016
env;67;234
env;68;24646
env;69;13703
env;70;25152
env;71;27327
env;72;28667
env;73;28454
env;74;25953
env;75;29523
env;76;16594
env;77;28959
env;78;29680
env;79;28913
env;80;25889
env;81;14690
env;82;26440
env;83;31557
env;84;25029
env;85;9263
env;86;29361
env;87;21413
env;88;24398
env;89;26078
env;90;25514
env;91;31396
env;92;24276
env;93;3593
env;94;22504
env;95;26578
env;96;20848
env;97;29714
env;98;28250
env;99;29078
env;100;21145
env;101;26088
env;102;22231
env;103;36
env;104;25064
env;105;27025
env;106;29399
env;107;27030
env;108;1789
env;109;22765
env;110;2789
env;111;24575
env;112;22973
env;113;28375
env;114;22648
env;115;10502
env;116;27381
env;117;20333
env;118;29102
env;119;12571
env;120;26209
env;121;24
env;122;24539
env;123;25169
env;124;27088
env;125;30748
env;126;16564
env;127;25356
env;128;29752
env;129;29107
env;130;26356
env;131;28448
env;132;26173
env;133;33151
env;134;27060
env;135;23394
env;136;28153
env;137;28239
env;138;28279
env;139;22405
env;140;27081
env;141;21010
env;142;28057
env;143;27690
env;144;31546
env;145;29543
env;146;4023
env;147;19842
env;148;27229
env;149;30713
env;150;30215
env;151;27570
env;152;26122
env;153;14183
env;154;23874
env;155;22005
env;156;24703
env;157;9540
env;158;29692
env;159;23500
env;160;25475
env;161;22911
env;162;32650
env;163;27488
env;164;32823
env;165;27445
env;166;28401
env;167;25344
env;168;19404
env;169;14816
env;170;25502
env;171;3570
env;172;31063
env;173;2150
env;174;11407
env;175;23211
env;176;10979
env;177;22464
env;178;19726
env;179;29164
env;180;25962
env;181;20953
env;182;25023
env;183;27935
env;184;27168
env;185;27181
env;186;27073
env;187;29423
env;188;22527
env;189;28243
env;190;29738
env;191;21934
env;192;12
env;193;7652
env;194;24457
env;195;28780
env;196;24271
env;197;25396
env;198;27642
env;199;24357
env;200;1241
env;201;23605
env;202;19554
env;203;28697
env;204;23519
env;205;26266
env;206;28930
env;207;955
env;208;26412
env;209;29561
env;210;24233
env;211;24090
env;212;30748
env;213;9727
env;214;26365
env;215;22352
env;216;26488
env;217;2663
env;218;11860
env;219;26232
env;220;29788
env;221;28454
env;222;30182
env;223;24422
env;224;11806
env;225;26556
env;226;29348
env;227;23033
env;228;24827
env;229;28113
env;230;26205
env;231;14483
env;232;28566
env;233;28333
env;234;26110
env;235;23740
env;236;25270
env;237;22597
env;238;31660
env;239;24328
env;240;28160
env;241;28622
env;242;27105
env;243;2130
env;244;29645
env;245;23228
env;246;11899
env;247;13648
env;248;29280
env;249;24698
env;250;27925
env;251;24243
env;252;23740
env;253;16167
env;254;25035
env;255;25539
env;256;22951
env;257;6211
env;258;7332
env;259;14132
env;260;17646
env;261;29590
env;262;22804
env;263;14593
env;264;89
env;265;27765
env;266;26311
env;267;29514
env;268;31172
env;269;27241
env;270;8704
env;271;26998
env;272;27372
env;273;13757
env;274;29441
env;275;25475
env;276;24726
env;277;6338
env;278;20920
env;279;31187
env;280;18348
env;281;29951
env;282;9863
env;283;21780
env;284;221
env;285;28488
env;286;407
env;287;27470
env;288;28122
env;289;22241
env;290;25241
env;291;29987
env;292;26383
env;293;32149
env;294;28344
env;295;27364
env;296;29623
env;297;30021
env;298;27318
env;299;32169
env;300;28770
env;301;27869
env;302;29845
env;303;29815
env;304;31184
env;305;25835
env;306;31548
env;307;27277
env;308;19153
env;309;25431
env;310;26406
env;311;24364
env;312;24617
env;313;30776
env;314;25421
env;315;11875
env;316;28623
env;317;26051
env;318;12100
env;319;30668
env;320;30745
env;321;23026
env;322;31285
env;323;28268
env;324;27202
env;325;15388
env;326;24208
env;327;17933
env;328;20107
env;329;28422
env;330;30210
env;331;27791
env;332;26418
env;333;24801
env;334;18331
env;335;27694
env;336;27520
env;337;21729
env;338;26401
env;339;26775
env;340;24505
env;341;8015
env;342;29412
env;343;24467
env;344;25751
env;345;26024
env;346;29166
env;347;27905
env;348;26917
env;349;30531
env;350;25823
env;351;18288
env;352;25877
env;353;22627
env;354;27989
env;355;28726
env;356;28399
env;357;23799
env;358;23162
env;359;20358
env;360;30793
env;361;28345
env;362;21387
env;363;13520
env;364;16696
env;365;28482
env;366;29535
env;367;26382
env;368;28967
env;369;29751
env;370;21643
env;371;25088
env;372;23793
env;373;28410
env;374;23256
env;375;24704
env;376;23291
env;377;22925
env;378;25305
env;379;27384
env;380;19326
env;381;28892
env;382;3178
env;383;23661
env;384;25385
env;385;22645
env;386;24051
env;387;26309
env;388;13695
env;389;4453
env;390;22159
env;391;14041
env;392;22742
env;393;15143
env;394;14387
env;395;28941
env;396;19017
env;397;23437
env;398;28106
env;399;28778
env;400;15837
env;401;31370
env;402;26391
env;403;28969
env;404;29344
env;405;29520
env;406;22520
env;407;26469
env;408;22844
env;409;30005
env;410;19777
env;411;30018
env;412;21087
env;413;31196
env;414;23993
env;415;4264
env;416;28112
env;417;31498
env;418;21535
env;419;28402
env;420;27584
env;421;13467
env;422;2058
env;423;24780
env;424;25242
env;425;1771
env;426;23048
env;427;25396
env;428;23036
env;429;19402
env;430;28393
env;431;12650
env;432;14410
env;433;4251
env;434;27172
env;435;9047
env;436;30713
env;437;29251
env;438;29131
env;439;26438
env;440;30917
env;441;3660
env;442;25442
env;443;26016
env;444;12788
env;445;18942
env;446;19418
env;447;18291
env;448;26334
env;449;28883
env;450;28909
env;451;26733
env;452;26359
env;453;25708
env;454;29626
env;455;28139
env;456;29005
env;457;29391
env;458;28943
env;459;24257
env;460;24892
env;461;28186
env;462;27409
env;463;23355
env;464;28914
env;465;26912
env;466;33882
env;467;30091
env;468;28259
env;469;28953
env;470;31649
env;471;28621
env;472;28298
env;473;23392
env;474;31421
env;475;16555
env;476;26436
env;477;29394
env;478;27644
env;479;27256
env;480;15728
env;481;19395
env;482;28613
env;483;24117
env;484;28063
env;485;28093
env;486;11119
env;487;21396
env;488;11085
env;489;23610
env;490;25864
env;491;20954
env;492;29689
env;493;22075
env;494;29706
env;495;29552
env;496;30637
env;497;29808
env;498;30463
env;499;31075
env;500;28975
env;501;32016
env;502;29794
env;503;30007
env;504;24468
env;505;18463
env;506;27648
env;507;27865
env;508;28767
env;509;29083
env;510;22065
env;511;22524
env;512;3114
env;513;18786
env;514;15865
env;515;10460
env;516;17938
env;517;113
env;518;10268
env;519;7364
env;520;24094
env;521;25434
env;522;563
env;523;25927
env;524;10540
env;525;19393
env;526;27300
env;527;21845
env;528;11733
env;529;94
env;530;17761
env;531;489
env;532;27823
env;533;6632
env;534;25510
env;535;19311
env;536;13289
env;537;17489
env;538;22514
env;539;18091
env;540;24403
env;541;23874
env;542;20505
env;543;6999
env;544;11352
env;545;29139
env;546;30618
env;547;10067
env;548;9196
env;549;23780
env;550;13352
env;551;8817
env;552;30106
env;553;20983
env;554;13977
env;555;22247
env;556;31553
env;557;5898
env;558;5879
env;559;28799
env;560;23554
env;561;11211
env;562;3379
env;563;26186
env;564;7047
env;565;38
env;566;20652
env;567;25941
env;568;6982
env;569;25431
env;570;23712
env;571;26666
env;572;15753
env;573;26131
env;574;5003
env;575;82
env;576;23171
env;577;29068
env;578;28190
env;579;1328
env;580;22800
env;581;28246
env;582;30474
env;583;31705
env;584;30950
env;585;18360
env;586;8090
env;587;18466
env;588;28483
env;589;26175
env;590;6352
env;591;14422
env;592;18763
env;593;25826
env;594;1066
env;595;20731
env;596;27143
env;597;23148
env;598;22877
env;599;28447
env;600;11457
env;601;8992
env;602;22787
env;603;26129
env;604;6437
env;605;24593
env;606;23045
env;607;21905
env;608;24840
env;609;28917
env;610;22395
env;611;20336
env;612;26446
env;613;28475
env;614;15372
env;615;31347
env;616;28168
env;617;20031
env;618;10086
env;619;22448
env;620;23507
env;621;1797
env;622;24016
env;623;25118
env;624;26194
env;625;26178
env;626;28832
env;627;9391
env;628;28142
env;629;25833
env;630;28658
env;631;24873
env;632;28930
env;633;18686
env;634;10248
env;635;26656
env;636;24445
env;637;14888
env;638;2363
env;639;26727
env;640;9210
env;641;14361
env;642;29211
env;643;28786
env;644;7437
env;645;27293
env;646;30639
env;647;31347
env;648;30705
env;649;29256
env;650;31925
env;651;25419
env;652;21357
env;653;29665
env;654;30755
env;655;26497
env;656;28073
env;657;29996
env;658;27584
env;659;7698
env;660;18903
env;661;12201
env;662;27659
env;663;28665
env;664;25643
env;665;18346
env;666;16599
env;667;2088
env;668;130
env;669;23261
env;670;19761
env;671;12520
env;672;23771
env;673;20506
env;674;18
env;675;18194
env;676;11820
env;677;14421
env;678;32
env;679;8556
env;680;5846
env;681;427
env;682;18726
env;683;3238
env;684;11272
env;685;89
env;686;18568
env;687;59
env;688;28300
env;689;22913
env;690;16229
env;691;16561
env;692;3892
env;693;2002
env;694;2780
env;695;22293
env;696;710
env;697;57
env;698;27792
env;699;20437
env;700;69
env;701;27869
env;702;27618
env;703;25277
env;704;28580
env;705;30546
env;706;26539
env;707;14764
env;708;24934
env;709;16333
env;710;29106
env;711;20666
env;712;28422
env;713;18166
env;714;27202
env;715;19109
env;716;27051
env;717;17275
env;718;27884
env;719;29326
env;720;32519
env;721;30414
env;722;31072
env;723;31201
env;724;30299
env;725;21982
env;726;30625
env;727;32494
env;728;30414
env;729;27948
env;730;31333
env;731;31453
env;732;30683
env;733;30361
env;734;32502
env;735;33649
env;736;31601
env;737;30463
env;738;28855
env;739;30399
env;740;28064
env;741;27469
env;742;29340
env;743;29014
env;744;20482
env;745;14343
env;746;21533
env;747;98
env;748;1026
env;749;27596
env;750;27044
env;751;23233
env;752;958
env;753;24524
env;754;6609
env;755;63
env;756;24615
env;757;20432
env;758;28174
env;759;27558
env;760;22351
env;761;22093
env;762;14752
env;763;9502
env;764;21551
env;765;28959
env;766;9603
env;767;26366
env;768;26010
env;769;17994
env;770;84
env;771;20117
env;772;25629
env;773;4515
env;774;319
env;775;27755
env;776;342
env;777;3000
env;778;27052
env;779;26833
env;780;25271
env;781;31201
env;782;28293
env;783;32780
env;784;1010
env;785;27774
env;786;29695
env;787;27784
env;788;21340
env;789;24598
env;790;24259
env;791;4837
env;792;932
env;793;21678
env;794;16523
env;795;12666
env;796;18868
env;797;22960
env;798;22357
env;799;34
env;800;20715
env;801;28820
env;802;25530
env;803;19529
env;804;9945
env;805;25120
env;806;13237
env;807;21060
env;808;25205
env;809;16472
env;810;15194
env;811;4433
env;812;12671
env;813;75
env;814;26
env;815;21291
env;816;26891
env;817;19832
env;818;19022
env;819;31484
env;820;28874
env;821;173
env;822;27971
env;823;29605
env;824;22793
env;825;3230
env;826;31771
env;827;30065
env;828;457
env;829;27188
env;830;27984
env;831;24369
env;832;14817
env;833;25050
env;834;28512
env;835;19917
env;836;29050
env;837;27323
env;838;24242
env;839;18095
env;840;29904
env;841;29919
env;842;28998
env;843;29770
env;844;32881
env;845;26352
env;846;14831
env;847;27285
env;848;11130
nef;1;24730
nef;2;28766
nef;3;18008
nef;4;23888
nef;5;23581
nef;6;27325
nef;7;13420
nef;8;6059
nef;9;23906
nef;10;27993
nef;11;26423
nef;12;26973
nef;13;28839
nef;14;31812
nef;15;23903
nef;16;31585
nef;17;30002
nef;18;26569
nef;19;10647
nef;20;30316
nef;21;28197
nef;22;20626
nef;23;28212
nef;24;27127
nef;25;25598
nef;26;24146
nef;27;30015
nef;28;31365
nef;29;17148
nef;30;30246
nef;31;26701
nef;32;29299
nef;33;29652
nef;34;26646
nef;35;23090
nef;36;29786
nef;37;27814
nef;38;30613
nef;39;27540
nef;40;27388
nef;41;14509
nef;42;6993
nef;43;12719
nef;44;29086
nef;45;21720
nef;46;24304
nef;47;22692
nef;48;18839
nef;49;26723
nef;50;4606
nef;51;26003
nef;52;7832
nef;53;22228
nef;54;28906
nef;55;29007
nef;56;26708
nef;57;29294
nef;58;23249
nef;59;30976
nef;60;21171
nef;61;28856
nef;62;23673
nef;63;29413
nef;64;29622
nef;65;31385
nef;66;3635
nef;67;31543
nef;68;17422
nef;69;30340
nef;70;27334
nef;71;26508
nef;72;24597
nef;73;28282
nef;74;27846
nef;75;15540
nef;76;28019
nef;77;10986
nef;78;33034
nef;79;4264
nef;80;28029
nef;81;25458
nef;82;19454
nef;83;368
nef;84;22487
nef;85;28227
nef;86;30676
nef;87;28756
nef;88;29913
nef;89;26419
nef;90;27115
nef;91;28195
nef;92;24956
nef;93;30045
nef;94;30951
nef;95;19202
nef;96;15235
nef;97;28840
nef;98;31544
nef;99;23028
nef;100;32178
nef;101;29874
nef;102;26218
nef;103;28412
nef;104;30278
nef;105;24821
nef;106;4219
nef;107;23369
nef;108;24760
nef;109;46
nef;110;26692
nef;111;26413
nef;112;22254
nef;113;17562
nef;114;24991
nef;115;24502